{"cameraMode":{"drawMode":0,"name":"Shaded","section":"Shading Mode"},"sceneLighting":false,"audioPlay":false,"sceneViewState":{"showFog":true,"showMaterialUpdate":false,"showSkybox":true,"showFlares":true,"showImageEffects":true,"showParticleSystems":true},"in2DMode":false,"pivot":{"x":-0.9398983716964722,"y":-0.04507741332054138,"z":-0.6514922976493836},"rotation":{"x":-0.021739481016993524,"y":0.8652567267417908,"z":-0.03766242787241936,"w":-0.49944233894348147},"size":1.4615528583526612,"orthographic":false}